subject,email_text,prediction,phishing_probability
"Win ₹7 Lakh+ | PPIs & Certificates from IITs, NITs",,Phishing,0.8113121168584182
Bumrah’s 40% super sale: Ready to score big?,,Phishing,0.7485434843242379
Getting started with Devpost,"( http://devpost.com )

Hi Nandini,

Welcome to Devpost! 🎉

Congrats on diving into your first hackathon — we’re excited to witness your journey with us.

To help you make the most out of Devpost, here are some areas you may find helpful:

🌟Your Devpost portfolio page ( https://devpost.com/nandinisingh1225 ). Highlight your expertise and showcase your projects. Share it with recruiters, peers, and colleagues by providing a link to your portfolio. Let your work speak for itself! 🕵️‍♂️ Need inspiration? Take a peek at other hackers' projects ( http://devpost.com/software ).🆘 Unsure how to navigate through the platform? Our Help Center ( https://help.devpost.com ) is your go-to guide - we have tips on just about everything!We're here to help, let us know if you've got any questions.

The team at Devpost
support@devpost.com

P.S. Did you know we also have a hackathon platform specifically for internal company hackathons? Visit Devpost for Teams ( https://info.devpost.com/product/devpost-for-teams ) to learn more!

Follow or connect with us:

( https://www.linkedin.com/company/devpost/ ) | ( https://twitter.com/devpost ) | ( https://discord.com/invite/HP4BhW3hnp )

© 2026 Devpost, Inc. All rights reserved. Edit your notification settings ( http://devpost.com/settings/notifications ).",Phishing,0.6991700574222488
"Win ₹7 Lakh+ | PPIs & Certificates from IITs, NITs",,Phishing,0.8113121168584182
Bumrah’s 40% super sale: Ready to score big?,,Phishing,0.7485434843242379
Getting started with Devpost,"( http://devpost.com )

Hi Nandini,

Welcome to Devpost! 🎉

Congrats on diving into your first hackathon — we’re excited to witness your journey with us.

To help you make the most out of Devpost, here are some areas you may find helpful:

🌟Your Devpost portfolio page ( https://devpost.com/nandinisingh1225 ). Highlight your expertise and showcase your projects. Share it with recruiters, peers, and colleagues by providing a link to your portfolio. Let your work speak for itself! 🕵️‍♂️ Need inspiration? Take a peek at other hackers' projects ( http://devpost.com/software ).🆘 Unsure how to navigate through the platform? Our Help Center ( https://help.devpost.com ) is your go-to guide - we have tips on just about everything!We're here to help, let us know if you've got any questions.

The team at Devpost
support@devpost.com

P.S. Did you know we also have a hackathon platform specifically for internal company hackathons? Visit Devpost for Teams ( https://info.devpost.com/product/devpost-for-teams ) to learn more!

Follow or connect with us:

( https://www.linkedin.com/company/devpost/ ) | ( https://twitter.com/devpost ) | ( https://discord.com/invite/HP4BhW3hnp )

© 2026 Devpost, Inc. All rights reserved. Edit your notification settings ( http://devpost.com/settings/notifications ).",Phishing,0.6991700574222488
"Win ₹7 Lakh+ | PPIs & Certificates from IITs, NITs","
 
 
 
 
 unstop 
 
 
 
 
 
 Chance to meet Rajasthan Royals team!  ﻿ ͏  ﻿ ͏  ﻿ ͏  ﻿ ͏  ﻿ ͏  ﻿ ͏  ﻿ ͏  ﻿ ͏  ﻿ ͏  ﻿ ͏  ﻿ ͏  ﻿ ͏  ﻿ ͏  ﻿ ͏  ﻿ ͏  ﻿ ͏  ﻿ ͏  ﻿ ͏  ﻿ ͏  ﻿ ͏  ﻿ ͏  ﻿ ͏  ﻿ ͏  ﻿ ͏  ﻿ ͏  ﻿ ͏  ﻿ ͏  ﻿ ͏  ﻿ ͏  ﻿ ͏  ﻿ ͏  ﻿ ͏  ﻿ ͏  ﻿ ͏  ﻿ ͏  ﻿ ͏  ﻿ ͏  ﻿ ͏  ﻿ ͏  ﻿ ͏  ﻿ ͏  ﻿ ͏  ﻿ ͏  ﻿ ͏  ﻿ ͏  ﻿ ͏  ﻿ ͏  ﻿ ͏  ﻿ ͏  ﻿ ͏  ﻿ ͏  ﻿ ͏  ﻿ ͏  ﻿ ͏  ﻿ ͏  ﻿ ͏  ﻿ ͏  ﻿ ͏  ﻿ ͏  ﻿ ͏  ﻿ ͏  ﻿ ͏  ﻿ ͏  ﻿ ͏  ﻿ ͏  ﻿ ͏  ﻿ ͏  ﻿ ͏  ﻿ ͏  ﻿ ͏  ﻿ ͏  ﻿ ͏  ﻿ ͏  ﻿ ͏  ﻿ ͏  ﻿ ͏  ﻿ ͏  ﻿ ͏  ﻿ ͏  ﻿ ͏  ﻿ ͏  ﻿ ͏  ﻿ ͏  ﻿ ͏  ﻿ ͏  ﻿ ͏  ﻿ ͏  ﻿ ͏  ﻿ ͏  ﻿ ͏  ﻿ ͏  ﻿ ͏  ﻿ ͏  ﻿ ͏  ﻿ ͏  ﻿ ͏  ﻿ ͏  ﻿ ͏  ﻿ ͏  ﻿ ͏  ﻿ ͏  ﻿ ͏  ﻿ ͏ 
 
 
 
 
 
 
 
 
     
  Relevant Opportunities for you  
 
 
 
  competitions   TrueFoundry GenAI ProdEdge: The Product Case Competition  
  Indian Institute of Technology (IIT), Kharagpur  
 Prizes worth INR 1,50,000 & PPIs! 
 
  Register Now  
 
 
 
  quizzes   Logic Works  
  National Institute of Technology (NIT), Tiruchirappalli  
 Golden vouchers  &  certificates! 
 
  Register Now  
 
 
 
  competitions   Royals HunaRR Manch – Season 2 | Where Design Takes the Spotlight  
  Rajasthan Royals  
 Chance to meet RR Players & get featured on official channels! 
 
  Register Now  
 
 
 
  hackathons   The GPT Challenge  
  Guru Gobind Singh Indraprastha University (GGSIPU), Delhi  
 Win Pre-Placement Interviews! 
 
  Register Now  
 
 
 
  competitions   Ops_Fusion  
  Institute for Financial Management & Research (IFMR), Chennai  
 Prizes worth INR 1,80,000 & certificates! 
 
  Register Now  
 
 
 
  conferences   Meet Berkeley Haas, LBS, ISB & 20+ Top Global B-Schools — Live in Indore! _ SEED Business School Festival 2026  
  SEED Global Education Services Private Limited  
 Win exclusive SEED-partner scholarships ! 
 
  Register Now  
 
  Explore more Opportunities   Free ATS resumes & competition decks from mentors at  Google, Meesho, Amazon, Accenture  & more:  Grab now! 
 
 
 
 
 
  Competitions   Hiring Challenges   Quizzes   Hackathons  
 
  Get noticed by 30,000+ employers on Unstop  
  Complete your profile   © 2025  Unstop . All rights reserved.  
  Helpdesk  
 
 
 
 
 
 
 
 If you'd like to unsubscribe and stop receiving these emails  click here 
",Phishing,0.8187127571231125
Bumrah’s 40% super sale: Ready to score big?,,Phishing,0.7485434843242379
Getting started with Devpost,"( http://devpost.com )

Hi Nandini,

Welcome to Devpost! 🎉

Congrats on diving into your first hackathon — we’re excited to witness your journey with us.

To help you make the most out of Devpost, here are some areas you may find helpful:

🌟Your Devpost portfolio page ( https://devpost.com/nandinisingh1225 ). Highlight your expertise and showcase your projects. Share it with recruiters, peers, and colleagues by providing a link to your portfolio. Let your work speak for itself! 🕵️‍♂️ Need inspiration? Take a peek at other hackers' projects ( http://devpost.com/software ).🆘 Unsure how to navigate through the platform? Our Help Center ( https://help.devpost.com ) is your go-to guide - we have tips on just about everything!We're here to help, let us know if you've got any questions.

The team at Devpost
support@devpost.com

P.S. Did you know we also have a hackathon platform specifically for internal company hackathons? Visit Devpost for Teams ( https://info.devpost.com/product/devpost-for-teams ) to learn more!

Follow or connect with us:

( https://www.linkedin.com/company/devpost/ ) | ( https://twitter.com/devpost ) | ( https://discord.com/invite/HP4BhW3hnp )

© 2026 Devpost, Inc. All rights reserved. Edit your notification settings ( http://devpost.com/settings/notifications ).",Phishing,0.6991700574222488
"Khaby Lame signs $900m deal, Doomsday Clock updates, Ubisoft drops Prince of Persia, and more on Reddit this week",,Safe,0.3608673163630803
"Win ₹7 Lakh+ | PPIs & Certificates from IITs, NITs","
 
 
 
 
 unstop 
 
 
 
 
 
 Chance to meet Rajasthan Royals team!  ﻿ ͏  ﻿ ͏  ﻿ ͏  ﻿ ͏  ﻿ ͏  ﻿ ͏  ﻿ ͏  ﻿ ͏  ﻿ ͏  ﻿ ͏  ﻿ ͏  ﻿ ͏  ﻿ ͏  ﻿ ͏  ﻿ ͏  ﻿ ͏  ﻿ ͏  ﻿ ͏  ﻿ ͏  ﻿ ͏  ﻿ ͏  ﻿ ͏  ﻿ ͏  ﻿ ͏  ﻿ ͏  ﻿ ͏  ﻿ ͏  ﻿ ͏  ﻿ ͏  ﻿ ͏  ﻿ ͏  ﻿ ͏  ﻿ ͏  ﻿ ͏  ﻿ ͏  ﻿ ͏  ﻿ ͏  ﻿ ͏  ﻿ ͏  ﻿ ͏  ﻿ ͏  ﻿ ͏  ﻿ ͏  ﻿ ͏  ﻿ ͏  ﻿ ͏  ﻿ ͏  ﻿ ͏  ﻿ ͏  ﻿ ͏  ﻿ ͏  ﻿ ͏  ﻿ ͏  ﻿ ͏  ﻿ ͏  ﻿ ͏  ﻿ ͏  ﻿ ͏  ﻿ ͏  ﻿ ͏  ﻿ ͏  ﻿ ͏  ﻿ ͏  ﻿ ͏  ﻿ ͏  ﻿ ͏  ﻿ ͏  ﻿ ͏  ﻿ ͏  ﻿ ͏  ﻿ ͏  ﻿ ͏  ﻿ ͏  ﻿ ͏  ﻿ ͏  ﻿ ͏  ﻿ ͏  ﻿ ͏  ﻿ ͏  ﻿ ͏  ﻿ ͏  ﻿ ͏  ﻿ ͏  ﻿ ͏  ﻿ ͏  ﻿ ͏  ﻿ ͏  ﻿ ͏  ﻿ ͏  ﻿ ͏  ﻿ ͏  ﻿ ͏  ﻿ ͏  ﻿ ͏  ﻿ ͏  ﻿ ͏  ﻿ ͏  ﻿ ͏  ﻿ ͏  ﻿ ͏  ﻿ ͏  ﻿ ͏  ﻿ ͏ 
 
 
 
 
 
 
 
 
     
  Relevant Opportunities for you  
 
 
 
  competitions   TrueFoundry GenAI ProdEdge: The Product Case Competition  
  Indian Institute of Technology (IIT), Kharagpur  
 Prizes worth INR 1,50,000 & PPIs! 
 
  Register Now  
 
 
 
  quizzes   Logic Works  
  National Institute of Technology (NIT), Tiruchirappalli  
 Golden vouchers  &  certificates! 
 
  Register Now  
 
 
 
  competitions   Royals HunaRR Manch – Season 2 | Where Design Takes the Spotlight  
  Rajasthan Royals  
 Chance to meet RR Players & get featured on official channels! 
 
  Register Now  
 
 
 
  hackathons   The GPT Challenge  
  Guru Gobind Singh Indraprastha University (GGSIPU), Delhi  
 Win Pre-Placement Interviews! 
 
  Register Now  
 
 
 
  competitions   Ops_Fusion  
  Institute for Financial Management & Research (IFMR), Chennai  
 Prizes worth INR 1,80,000 & certificates! 
 
  Register Now  
 
 
 
  conferences   Meet Berkeley Haas, LBS, ISB & 20+ Top Global B-Schools — Live in Indore! _ SEED Business School Festival 2026  
  SEED Global Education Services Private Limited  
 Win exclusive SEED-partner scholarships ! 
 
  Register Now  
 
  Explore more Opportunities   Free ATS resumes & competition decks from mentors at  Google, Meesho, Amazon, Accenture  & more:  Grab now! 
 
 
 
 
 
  Competitions   Hiring Challenges   Quizzes   Hackathons  
 
  Get noticed by 30,000+ employers on Unstop  
  Complete your profile   © 2025  Unstop . All rights reserved.  
  Helpdesk  
 
 
 
 
 
 
 
 If you'd like to unsubscribe and stop receiving these emails  click here 
",Phishing,0.8187127571231125
Bumrah’s 40% super sale: Ready to score big?,,Phishing,0.7485434843242379
"Khaby Lame signs $900m deal, Doomsday Clock updates, Ubisoft drops Prince of Persia, and more on Reddit this week",,Safe,0.3608673163630803
"Win ₹7 Lakh+ | PPIs & Certificates from IITs, NITs","
 
 
 
 
 unstop 
 
 
 
 
 
 Chance to meet Rajasthan Royals team!  ﻿ ͏  ﻿ ͏  ﻿ ͏  ﻿ ͏  ﻿ ͏  ﻿ ͏  ﻿ ͏  ﻿ ͏  ﻿ ͏  ﻿ ͏  ﻿ ͏  ﻿ ͏  ﻿ ͏  ﻿ ͏  ﻿ ͏  ﻿ ͏  ﻿ ͏  ﻿ ͏  ﻿ ͏  ﻿ ͏  ﻿ ͏  ﻿ ͏  ﻿ ͏  ﻿ ͏  ﻿ ͏  ﻿ ͏  ﻿ ͏  ﻿ ͏  ﻿ ͏  ﻿ ͏  ﻿ ͏  ﻿ ͏  ﻿ ͏  ﻿ ͏  ﻿ ͏  ﻿ ͏  ﻿ ͏  ﻿ ͏  ﻿ ͏  ﻿ ͏  ﻿ ͏  ﻿ ͏  ﻿ ͏  ﻿ ͏  ﻿ ͏  ﻿ ͏  ﻿ ͏  ﻿ ͏  ﻿ ͏  ﻿ ͏  ﻿ ͏  ﻿ ͏  ﻿ ͏  ﻿ ͏  ﻿ ͏  ﻿ ͏  ﻿ ͏  ﻿ ͏  ﻿ ͏  ﻿ ͏  ﻿ ͏  ﻿ ͏  ﻿ ͏  ﻿ ͏  ﻿ ͏  ﻿ ͏  ﻿ ͏  ﻿ ͏  ﻿ ͏  ﻿ ͏  ﻿ ͏  ﻿ ͏  ﻿ ͏  ﻿ ͏  ﻿ ͏  ﻿ ͏  ﻿ ͏  ﻿ ͏  ﻿ ͏  ﻿ ͏  ﻿ ͏  ﻿ ͏  ﻿ ͏  ﻿ ͏  ﻿ ͏  ﻿ ͏  ﻿ ͏  ﻿ ͏  ﻿ ͏  ﻿ ͏  ﻿ ͏  ﻿ ͏  ﻿ ͏  ﻿ ͏  ﻿ ͏  ﻿ ͏  ﻿ ͏  ﻿ ͏  ﻿ ͏  ﻿ ͏  ﻿ ͏  ﻿ ͏  ﻿ ͏ 
 
 
 
 
 
 
 
 
     
  Relevant Opportunities for you  
 
 
 
  competitions   TrueFoundry GenAI ProdEdge: The Product Case Competition  
  Indian Institute of Technology (IIT), Kharagpur  
 Prizes worth INR 1,50,000 & PPIs! 
 
  Register Now  
 
 
 
  quizzes   Logic Works  
  National Institute of Technology (NIT), Tiruchirappalli  
 Golden vouchers  &  certificates! 
 
  Register Now  
 
 
 
  competitions   Royals HunaRR Manch – Season 2 | Where Design Takes the Spotlight  
  Rajasthan Royals  
 Chance to meet RR Players & get featured on official channels! 
 
  Register Now  
 
 
 
  hackathons   The GPT Challenge  
  Guru Gobind Singh Indraprastha University (GGSIPU), Delhi  
 Win Pre-Placement Interviews! 
 
  Register Now  
 
 
 
  competitions   Ops_Fusion  
  Institute for Financial Management & Research (IFMR), Chennai  
 Prizes worth INR 1,80,000 & certificates! 
 
  Register Now  
 
 
 
  conferences   Meet Berkeley Haas, LBS, ISB & 20+ Top Global B-Schools — Live in Indore! _ SEED Business School Festival 2026  
  SEED Global Education Services Private Limited  
 Win exclusive SEED-partner scholarships ! 
 
  Register Now  
 
  Explore more Opportunities   Free ATS resumes & competition decks from mentors at  Google, Meesho, Amazon, Accenture  & more:  Grab now! 
 
 
 
 
 
  Competitions   Hiring Challenges   Quizzes   Hackathons  
 
  Get noticed by 30,000+ employers on Unstop  
  Complete your profile   © 2025  Unstop . All rights reserved.  
  Helpdesk  
 
 
 
 
 
 
 
 If you'd like to unsubscribe and stop receiving these emails  click here 
",Phishing,0.8187127571231125
Bumrah’s 40% super sale: Ready to score big?,,Phishing,0.7485434843242379
Security alert,"[image: Google]
New signin to your account


nandinisingh1225@gmail.com
We noticed a new sign-in to your Google Account. If this was you, you don’t
need to do anything. If not, we’ll help you secure your account.
Check activity
<https://accounts.google.com/AccountChooser?Email=nandinisingh1225@gmail.com&continue=https://myaccount.google.com/alert/nt/1770018431000?rfn%3D325%26rfnc%3D1%26eid%3D4367513797746770875%26et%3D0>
You can also see security activity at
https://myaccount.google.com/notifications
You received this email to let you know about important changes to your
Google Account and services.
© 2026 Google LLC, 1600 Amphitheatre Parkway, Mountain View, CA 94043, USA
",Phishing,0.8426437464990719
Your Google Account was recovered successfully,"[image: Google]
Account recovered successfully


nandinisingh1225@gmail.com
Welcome back to your accountIf you suspect you were locked out of your
account because of changes made by someone else, you should review and
protect your account.
<https://accounts.google.com/AccountChooser?Email=nandinisingh1225@gmail.com&continue=https://myaccount.google.com/secure-account?utm_source%3Demail%26utm_medium%3Demail%26utm_campaign%3Dph%26src%3D14%26aneid%3D-4939760015211337079>
You received this email to let you know about important changes to your
Google Account and services.
© 2026 Google LLC, 1600 Amphitheatre Parkway, Mountain View, CA 94043, USA
",Phishing,0.8916468515765985
Inficore Soft - Cloud Computing Intern and more,"Your job alert for amazon intern in India
New jobs match your preferences.
Manage alerts: https://www.linkedin.com/comm/jobs/alerts?lipi=urn%3Ali%3Apage%3Aemail_email_job_alert_digest_01%3BZ4exeo4JTomNLenIg5lHuw%3D%3D&midToken=AQEIM4HzHiyK2w&midSig=3XdoJR7L4S8Y81&trk=eml-email_job_alert_digest_01-primary_job_list-0-manage_alerts_text_3678651689&trkEmail=eml-email_job_alert_digest_01-primary_job_list-0-manage_alerts_text_3678651689-null-ghmp60~ml4ryn6s~oa-null-null&eid=ghmp60-ml4ryn6s-oa&otpToken=MWIwYzE5ZTAxNTJmY2FjN2IyMjQwNGVkNDExZWU3YjU4ZGM2ZDc0MTlmYWE4YjYxNzljNDA3NmI0YjU5NWZmYWY3ZDFkZjg2NmZjOGYxZmYwNGEwY2FiZWQ1N2U2NGE5MzE2NGNlYWEyZmZlNDJkNjBlYjgyZCwxLDE%3D
            
Cloud Computing Intern
Inficore Soft
India
View job: https://www.linkedin.com/comm/jobs/view/4367782008/?trackingId=1iDjPtSS%2B5JDM2F%2F3u7sWg%3D%3D&refId=a5Cjlr87y48KNwCjRcygJg%3D%3D&lipi=urn%3Ali%3Apage%3Aemail_email_job_alert_digest_01%3BZ4exeo4JTomNLenIg5lHuw%3D%3D&midToken=AQEIM4HzHiyK2w&midSig=3XdoJR7L4S8Y81&trk=eml-email_job_alert_digest_01-primary_job_list-0-jobcard_body_text_3678651689&trkEmail=eml-email_job_alert_digest_01-primary_job_list-0-jobcard_body_text_3678651689-null-ghmp60~ml4ryn6s~oa-null-null&eid=ghmp60-ml4ryn6s-oa&otpToken=MWIwYzE5ZTAxNTJmY2FjN2IyMjQwNGVkNDExZWU3YjU4ZGM2ZDc0MTlmYWE4YjYxNzljNDA3NmI0YjU5NWZmYWY3ZDFkZjg2NmZjOGYxZmYwNGEwY2FiZWQ1N2U2NGE5MzE2NGNlYWEyZmZlNDJkNjBlYjgyZCwxLDE%3D

---------------------------------------------------------
  

            
Artificial Intelligence Intern
Inficore Soft
India
View job: https://www.linkedin.com/comm/jobs/view/4367738936/?trackingId=n%2FkcQxAtOkqrum%2BJ%2BaMm%2Fw%3D%3D&refId=a5Cjlr87y48KNwCjRcygJg%3D%3D&lipi=urn%3Ali%3Apage%3Aemail_email_job_alert_digest_01%3BZ4exeo4JTomNLenIg5lHuw%3D%3D&midToken=AQEIM4HzHiyK2w&midSig=3XdoJR7L4S8Y81&trk=eml-email_job_alert_digest_01-primary_job_list-0-jobcard_body_text_3678651689&trkEmail=eml-email_job_alert_digest_01-primary_job_list-0-jobcard_body_text_3678651689-null-ghmp60~ml4ryn6s~oa-null-null&eid=ghmp60-ml4ryn6s-oa&otpToken=MWIwYzE5ZTAxNTJmY2FjN2IyMjQwNGVkNDExZWU3YjU4ZGM2ZDc0MTlmYWE4YjYxNzljNDA3NmI0YjU5NWZmYWY3ZDFkZjg2NmZjOGYxZmYwNGEwY2FiZWQ1N2U2NGE5MzE2NGNlYWEyZmZlNDJkNjBlYjgyZCwxLDE%3D

---------------------------------------------------------
  

See all jobs on LinkedIn:  https://www.linkedin.com/comm/jobs/search?keywords=amazon+intern&distance=25&geoId=102713980&f_TPR=a1769904765-&sortBy=R&origin=JOB_ALERT_EMAIL&originToLandingJobPostings=4367782008,4367738936&lipi=urn%3Ali%3Apage%3Aemail_email_job_alert_digest_01%3BZ4exeo4JTomNLenIg5lHuw%3D%3D&midToken=AQEIM4HzHiyK2w&midSig=3XdoJR7L4S8Y81&trk=eml-email_job_alert_digest_01-primary_job_list-0-see_all_jobs_text_3678651689&trkEmail=eml-email_job_alert_digest_01-primary_job_list-0-see_all_jobs_text_3678651689-null-ghmp60~ml4ryn6s~oa-null-null&eid=ghmp60-ml4ryn6s-oa&otpToken=MWIwYzE5ZTAxNTJmY2FjN2IyMjQwNGVkNDExZWU3YjU4ZGM2ZDc0MTlmYWE4YjYxNzljNDA3NmI0YjU5NWZmYWY3ZDFkZjg2NmZjOGYxZmYwNGEwY2FiZWQ1N2U2NGE5MzE2NGNlYWEyZmZlNDJkNjBlYjgyZCwxLDE%3D

New jobs from your other alerts
            
Jobs worldwide
        
Data Engineer Python- Associate- Software Engineer
Morgan Stanley
Bengaluru

This company is actively hiring
View job: https://www.linkedin.com/comm/jobs/view/4359474410/?trackingId=MuvXd%2FhnhbhrMqs4za1pFQ%3D%3D&refId=5wC2Y6Gjug%2FeIrY4sywVRg%3D%3D&lipi=urn%3Ali%3Apage%3Aemail_email_job_alert_digest_01%3BZ4exeo4JTomNLenIg5lHuw%3D%3D&midToken=AQEIM4HzHiyK2w&midSig=3XdoJR7L4S8Y81&trk=eml-email_job_alert_digest_01-secondary_job_list_0-0-jobcard_body_text_14471690860&trkEmail=eml-email_job_alert_digest_01-secondary_job_list_0-0-jobcard_body_text_14471690860-null-ghmp60~ml4ryn6s~oa-null-null&eid=ghmp60-ml4ryn6s-oa&otpToken=MWIwYzE5ZTAxNTJmY2FjN2IyMjQwNGVkNDExZWU3YjU4ZGM2ZDc0MTlmYWE4YjYxNzljNDA3NmI0YjU5NWZmYWY3ZDFkZjg2NmZjOGYxZmYwNGEwY2FiZWQ1N2U2NGE5MzE2NGNlYWEyZmZlNDJkNjBlYjgyZCwxLDE%3D

---------------------------------------------------------
  
        
Java/ Node JS. Developer (multiple opportunities)
Morgan Stanley
Calgary, AB

This company is actively hiring
View job: https://www.linkedin.com/comm/jobs/view/4344508572/?trackingId=3SycW5URFgWAGeRxyhRz1A%3D%3D&refId=5wC2Y6Gjug%2FeIrY4sywVRg%3D%3D&lipi=urn%3Ali%3Apage%3Aemail_email_job_alert_digest_01%3BZ4exeo4JTomNLenIg5lHuw%3D%3D&midToken=AQEIM4HzHiyK2w&midSig=3XdoJR7L4S8Y81&trk=eml-email_job_alert_digest_01-secondary_job_list_0-0-jobcard_body_text_14471690860&trkEmail=eml-email_job_alert_digest_01-secondary_job_list_0-0-jobcard_body_text_14471690860-null-ghmp60~ml4ryn6s~oa-null-null&eid=ghmp60-ml4ryn6s-oa&otpToken=MWIwYzE5ZTAxNTJmY2FjN2IyMjQwNGVkNDExZWU3YjU4ZGM2ZDc0MTlmYWE4YjYxNzljNDA3NmI0YjU5NWZmYWY3ZDFkZjg2NmZjOGYxZmYwNGEwY2FiZWQ1N2U2NGE5MzE2NGNlYWEyZmZlNDJkNjBlYjgyZCwxLDE%3D

---------------------------------------------------------
  

See all jobs https://www.linkedin.com/jobs/search?keywords=&geoId=92000000&f_C=497017%2C1292145&f_TPR=a1769904765-&sortBy=R&origin=JOB_ALERT_EMAIL&lipi=urn%3Ali%3Apage%3Aemail_email_job_alert_digest_01%3BZ4exeo4JTomNLenIg5lHuw%3D%3D&midToken=AQEIM4HzHiyK2w&midSig=3XdoJR7L4S8Y81&trk=eml-email_job_alert_digest_01-secondary_job_list_0-0-see_all_jobs_button_text_14471690860&trkEmail=eml-email_job_alert_digest_01-secondary_job_list_0-0-see_all_jobs_button_text_14471690860-null-ghmp60~ml4ryn6s~oa-null-null&eid=ghmp60-ml4ryn6s-oa&otpToken=MWIwYzE5ZTAxNTJmY2FjN2IyMjQwNGVkNDExZWU3YjU4ZGM2ZDc0MTlmYWE4YjYxNzljNDA3NmI0YjU5NWZmYWY3ZDFkZjg2NmZjOGYxZmYwNGEwY2FiZWQ1N2U2NGE5MzE2NGNlYWEyZmZlNDJkNjBlYjgyZCwxLDE%3D
Edit alert https://www.linkedin.com/jobs/jam/manage/14471690860?lipi=urn%3Ali%3Apage%3Aemail_email_job_alert_digest_01%3BZ4exeo4JTomNLenIg5lHuw%3D%3D&midToken=AQEIM4HzHiyK2w&midSig=3XdoJR7L4S8Y81&trk=eml-email_job_alert_digest_01-secondary_job_list_0-0-edit_alert_button_text_14471690860&trkEmail=eml-email_job_alert_digest_01-secondary_job_list_0-0-edit_alert_button_text_14471690860-null-ghmp60~ml4ryn6s~oa-null-null&eid=ghmp60-ml4ryn6s-oa&otpToken=MWIwYzE5ZTAxNTJmY2FjN2IyMjQwNGVkNDExZWU3YjU4ZGM2ZDc0MTlmYWE4YjYxNzljNDA3NmI0YjU5NWZmYWY3ZDFkZjg2NmZjOGYxZmYwNGEwY2FiZWQ1N2U2NGE5MzE2NGNlYWEyZmZlNDJkNjBlYjgyZCwxLDE%3D
              
  
            
<strong class=""font-bold"" style=""font-weight: 600;"">web developer</strong> jobs in 492013
        
Web Developer
BRANDS VEDA - DIGITAL MARKETING COMPANY
India
Apply with resume & profile
View job: https://www.linkedin.com/comm/jobs/view/4367738159/?trackingId=ACcFZt6GIaRvZA1XXguFZw%3D%3D&refId=VNJg0idXijXatD70xfc1Hw%3D%3D&lipi=urn%3Ali%3Apage%3Aemail_email_job_alert_digest_01%3BZ4exeo4JTomNLenIg5lHuw%3D%3D&midToken=AQEIM4HzHiyK2w&midSig=3XdoJR7L4S8Y81&trk=eml-email_job_alert_digest_01-secondary_job_list_1-0-jobcard_body_text_1727713650&trkEmail=eml-email_job_alert_digest_01-secondary_job_list_1-0-jobcard_body_text_1727713650-null-ghmp60~ml4ryn6s~oa-null-null&eid=ghmp60-ml4ryn6s-oa&otpToken=MWIwYzE5ZTAxNTJmY2FjN2IyMjQwNGVkNDExZWU3YjU4ZGM2ZDc0MTlmYWE4YjYxNzljNDA3NmI0YjU5NWZmYWY3ZDFkZjg2NmZjOGYxZmYwNGEwY2FiZWQ1N2U2NGE5MzE2NGNlYWEyZmZlNDJkNjBlYjgyZCwxLDE%3D

---------------------------------------------------------
  
        
Web Developer Intern 
Webs IT Solution
India
View job: https://www.linkedin.com/comm/jobs/view/4368124699/?trackingId=NHLMhZMsiXpVSnB%2BNf7xLQ%3D%3D&refId=VNJg0idXijXatD70xfc1Hw%3D%3D&lipi=urn%3Ali%3Apage%3Aemail_email_job_alert_digest_01%3BZ4exeo4JTomNLenIg5lHuw%3D%3D&midToken=AQEIM4HzHiyK2w&midSig=3XdoJR7L4S8Y81&trk=eml-email_job_alert_digest_01-secondary_job_list_1-0-jobcard_body_text_1727713650&trkEmail=eml-email_job_alert_digest_01-secondary_job_list_1-0-jobcard_body_text_1727713650-null-ghmp60~ml4ryn6s~oa-null-null&eid=ghmp60-ml4ryn6s-oa&otpToken=MWIwYzE5ZTAxNTJmY2FjN2IyMjQwNGVkNDExZWU3YjU4ZGM2ZDc0MTlmYWE4YjYxNzljNDA3NmI0YjU5NWZmYWY3ZDFkZjg2NmZjOGYxZmYwNGEwY2FiZWQ1N2U2NGE5MzE2NGNlYWEyZmZlNDJkNjBlYjgyZCwxLDE%3D

---------------------------------------------------------
  

See all jobs https://www.linkedin.com/jobs/search?keywords=web+developer&distance=25&geoId=105444172&f_TPR=a1769902398-&sortBy=R&origin=JOB_ALERT_EMAIL&originToLandingJobPostings=4367738159%2C4368124699&lipi=urn%3Ali%3Apage%3Aemail_email_job_alert_digest_01%3BZ4exeo4JTomNLenIg5lHuw%3D%3D&midToken=AQEIM4HzHiyK2w&midSig=3XdoJR7L4S8Y81&trk=eml-email_job_alert_digest_01-secondary_job_list_1-0-see_all_jobs_button_text_1727713650&trkEmail=eml-email_job_alert_digest_01-secondary_job_list_1-0-see_all_jobs_button_text_1727713650-null-ghmp60~ml4ryn6s~oa-null-null&eid=ghmp60-ml4ryn6s-oa&otpToken=MWIwYzE5ZTAxNTJmY2FjN2IyMjQwNGVkNDExZWU3YjU4ZGM2ZDc0MTlmYWE4YjYxNzljNDA3NmI0YjU5NWZmYWY3ZDFkZjg2NmZjOGYxZmYwNGEwY2FiZWQ1N2U2NGE5MzE2NGNlYWEyZmZlNDJkNjBlYjgyZCwxLDE%3D
Edit alert https://www.linkedin.com/jobs/jam/manage/1727713650?lipi=urn%3Ali%3Apage%3Aemail_email_job_alert_digest_01%3BZ4exeo4JTomNLenIg5lHuw%3D%3D&midToken=AQEIM4HzHiyK2w&midSig=3XdoJR7L4S8Y81&trk=eml-email_job_alert_digest_01-secondary_job_list_1-0-edit_alert_button_text_1727713650&trkEmail=eml-email_job_alert_digest_01-secondary_job_list_1-0-edit_alert_button_text_1727713650-null-ghmp60~ml4ryn6s~oa-null-null&eid=ghmp60-ml4ryn6s-oa&otpToken=MWIwYzE5ZTAxNTJmY2FjN2IyMjQwNGVkNDExZWU3YjU4ZGM2ZDc0MTlmYWE4YjYxNzljNDA3NmI0YjU5NWZmYWY3ZDFkZjg2NmZjOGYxZmYwNGEwY2FiZWQ1N2U2NGE5MzE2NGNlYWEyZmZlNDJkNjBlYjgyZCwxLDE%3D
              
  


Job search smarter with Premium
https://www.linkedin.com/comm/premium/products/?upsellOrderOrigin=email_job_alert_digest_taj_upsell&utype=job&lipi=urn%3Ali%3Apage%3Aemail_email_job_alert_digest_01%3BZ4exeo4JTomNLenIg5lHuw%3D%3D&midToken=AQEIM4HzHiyK2w&midSig=3XdoJR7L4S8Y81&trk=eml-email_job_alert_digest_01-job~alert-0-premium~upsell~text&trkEmail=eml-email_job_alert_digest_01-job~alert-0-premium~upsell~text-null-ghmp60~ml4ryn6s~oa-null-null&eid=ghmp60-ml4ryn6s-oa&otpToken=MWIwYzE5ZTAxNTJmY2FjN2IyMjQwNGVkNDExZWU3YjU4ZGM2ZDc0MTlmYWE4YjYxNzljNDA3NmI0YjU5NWZmYWY3ZDFkZjg2NmZjOGYxZmYwNGEwY2FiZWQ1N2U2NGE5MzE2NGNlYWEyZmZlNDJkNjBlYjgyZCwxLDE%3D
  

----------------------------------------

This email was intended for Nandini Singh (Associate Software Analyst @Amicus Global Inc. | Gen Al /ML | Full Stack Web Developer | Graphic designer )
Learn why we included this: https://www.linkedin.com/help/linkedin/answer/4788?lang=en&lipi=urn%3Ali%3Apage%3Aemail_email_job_alert_digest_01%3BZ4exeo4JTomNLenIg5lHuw%3D%3D&midToken=AQEIM4HzHiyK2w&midSig=3XdoJR7L4S8Y81&trk=eml-email_job_alert_digest_01-SecurityHelp-0-textfooterglimmer&trkEmail=eml-email_job_alert_digest_01-SecurityHelp-0-textfooterglimmer-null-ghmp60~ml4ryn6s~oa-null-null&eid=ghmp60-ml4ryn6s-oa&otpToken=MWIwYzE5ZTAxNTJmY2FjN2IyMjQwNGVkNDExZWU3YjU4ZGM2ZDc0MTlmYWE4YjYxNzljNDA3NmI0YjU5NWZmYWY3ZDFkZjg2NmZjOGYxZmYwNGEwY2FiZWQ1N2U2NGE5MzE2NGNlYWEyZmZlNDJkNjBlYjgyZCwxLDE%3D
You are receiving Job Alert emails.

Manage your job alerts:  https://www.linkedin.com/comm/jobs/alerts?lipi=urn%3Ali%3Apage%3Aemail_email_job_alert_digest_01%3BZ4exeo4JTomNLenIg5lHuw%3D%3D&midToken=AQEIM4HzHiyK2w&midSig=3XdoJR7L4S8Y81&trk=eml-email_job_alert_digest_01-footer-0-manage_alerts_button_text&trkEmail=eml-email_job_alert_digest_01-footer-0-manage_alerts_button_text-null-ghmp60~ml4ryn6s~oa-null-null&eid=ghmp60-ml4ryn6s-oa&otpToken=MWIwYzE5ZTAxNTJmY2FjN2IyMjQwNGVkNDExZWU3YjU4ZGM2ZDc0MTlmYWE4YjYxNzljNDA3NmI0YjU5NWZmYWY3ZDFkZjg2NmZjOGYxZmYwNGEwY2FiZWQ1N2U2NGE5MzE2NGNlYWEyZmZlNDJkNjBlYjgyZCwxLDE%3D 
Unsubscribe: https://www.linkedin.com/job-alert-email-batch-unsubscribe?savedSearchIds=3678651689%2C14471690860%2C1727713650&lipi=urn%3Ali%3Apage%3Aemail_email_job_alert_digest_01%3BZ4exeo4JTomNLenIg5lHuw%3D%3D&midToken=AQEIM4HzHiyK2w&midSig=3XdoJR7L4S8Y81&ek=email_job_alert_digest_01&e=ghmp60-ml4ryn6s-oa&eid=ghmp60-ml4ryn6s-oa&m=unsubscribe&ts=footerGlimmer&li=0&t=plh    ·  Help: https://www.linkedin.com/help/linkedin/answer/67?lang=en&lipi=urn%3Ali%3Apage%3Aemail_email_job_alert_digest_01%3BZ4exeo4JTomNLenIg5lHuw%3D%3D&midToken=AQEIM4HzHiyK2w&midSig=3XdoJR7L4S8Y81&trk=eml-email_job_alert_digest_01-help-0-textfooterglimmer&trkEmail=eml-email_job_alert_digest_01-help-0-textfooterglimmer-null-ghmp60~ml4ryn6s~oa-null-null&eid=ghmp60-ml4ryn6s-oa&otpToken=MWIwYzE5ZTAxNTJmY2FjN2IyMjQwNGVkNDExZWU3YjU4ZGM2ZDc0MTlmYWE4YjYxNzljNDA3NmI0YjU5NWZmYWY3ZDFkZjg2NmZjOGYxZmYwNGEwY2FiZWQ1N2U2NGE5MzE2NGNlYWEyZmZlNDJkNjBlYjgyZCwxLDE%3D

© 2026 LinkedIn Corporation, 1zwnj000 West Maude Avenue, Sunnyvale, CA 94085.
LinkedIn and the LinkedIn logo are registered trademarks of LinkedIn.",Phishing,0.7558668324399513
